<?xml version="1.0" encoding="UTF-8"?>
<project-private xmlns="http://www.netbeans.org/ns/project-private/1">
    <editor-bookmarks xmlns="http://www.netbeans.org/ns/editor-bookmarks/2" lastBookmarkId="0"/>
    <open-files xmlns="http://www.netbeans.org/ns/projectui-open-files/2">
        <group>
            <file>file:/E:/Year%203%20semester%205/3rd%20Year%20project/HomeSecuritySystemUpdated/src/java/HomeSecurityRegister.java</file>
            <file>file:/E:/Year%203%20semester%205/3rd%20Year%20project/HomeSecuritySystemUpdated/web/Login.html</file>
            <file>file:/E:/Year%203%20semester%205/3rd%20Year%20project/HomeSecuritySystemUpdated/src/java/retrieveImage.java</file>
            <file>file:/E:/Year%203%20semester%205/3rd%20Year%20project/HomeSecuritySystemUpdated/web/HomeSecurityRegister.html</file>
            <file>file:/E:/Year%203%20semester%205/3rd%20Year%20project/HomeSecuritySystemUpdated/src/java/HomeSecurityEmail.java</file>
            <file>file:/E:/Year%203%20semester%205/3rd%20Year%20project/HomeSecuritySystemUpdated/src/java/HomeSecurityLogin.java</file>
            <file>file:/E:/Year%203%20semester%205/3rd%20Year%20project/HomeSecuritySystemUpdated/src/java/DoChart.java</file>
            <file>file:/E:/Year%203%20semester%205/3rd%20Year%20project/HomeSecuritySystemUpdated/web/HomeSecurityArduinoReadDB.html</file>
            <file>file:/E:/Year%203%20semester%205/3rd%20Year%20project/HomeSecuritySystemUpdated/web/HomeSecurityMain.html</file>
        </group>
    </open-files>
</project-private>
